	{
		"domain": 102,
		"serial": "CL31C,",
		"detType": 1,
		"PT": [0.087459, 0.000279038],
		"pol_list": [
			1.45281,
			1.30754
		],
		"152Eu": {
			"344.28": {
				"res": [4.84246e-05, 2.78205e-07],
				"pos_ch": 262.228,
				"area": [77169.4, 324.311]
			},
			"244.7": {
				"res": [0.000106738, 1.12487e-06],
				"pos_ch": 186.008,
				"area": [30858.1, 263.362]
			},
			"778.9": {
				"res": [0.000288681, 4.26849e-06],
				"pos_ch": 594.869,
				"area": [13810.6, 149.73]
			},
			"964.06": {
				"res": [0.000360134, 5.24922e-06],
				"pos_ch": 735.929,
				"area": [12711.1, 134.57]
			},
			"1408.01": {
				"res": [0.000438002, 5.84749e-06],
				"pos_ch": 1075.95,
				"area": [12122.3, 114.233]
			},
			"1112.08": {
				"res": [0.000478503, 8.00079e-06],
				"pos_ch": 849.249,
				"area": [10182, 120.732]
			},
			"443.96": {
				"res": [0.000587029, 1.5271e-05],
				"pos_ch": 338.441,
				"area": [6614.57, 142.463]
			},
			"1085.87": {
				"res": [0.000721611, 1.51072e-05],
				"pos_ch": 829.254,
				"area": [6904.32, 117.896]
			},
			"411.12": {
				"res": [0.000787184, 2.5149e-05],
				"pos_ch": 313.317,
				"area": [4909.09, 143.283]
			
		}
	},
