{
  "Column": 102,
  "Peak": 2,
  "Position": 186,
  "Area": 45520,
  "Resolution": 0.00430929
}
{
  "Column": 103,
  "Peak": 0,
  "Position": 92,
  "Area": 197637,
  "Resolution": 0.00809925
}
{
  "Column": 103,
  "Peak": 1,
  "Position": 262,
  "Area": 78349.5,
  "Resolution": 0.00295309
}
{
  "Column": 103,
  "Peak": 2,
  "Position": 186,
  "Area": 42651.7,
  "Resolution": 0.00407163
}
{
  "Column": 103,
  "Peak": 7,
  "Position": 338,
  "Area": 10047.8,
  "Resolution": 0.00235676
}
{
  "Column": 103,
  "Peak": 9,
  "Position": 313,
  "Area": 8747.75,
  "Resolution": 0.00250255
}
{
  "Column": 105,
  "Peak": 0,
  "Position": 96,
  "Area": 247078,
  "Resolution": 0.00782288
}
{
  "Column": 105,
  "Peak": 1,
  "Position": 272,
  "Area": 86708.8,
  "Resolution": 0.00285382
}
{
  "Column": 105,
  "Peak": 2,
  "Position": 193,
  "Area": 47139.2,
  "Resolution": 0.00393165
}
{
  "Column": 105,
  "Peak": 8,
  "Position": 325,
  "Area": 9502.51,
  "Resolution": 0.00237807
}
{
  "Column": 106,
  "Peak": 5,
  "Position": 188,
  "Area": 15379.5,
  "Resolution": 0.00418364
}
{
  "Column": 106,
  "Peak": 8,
  "Position": 668,
  "Area": 4074.48,
  "Resolution": 0.00126548
}
{
  "Column": 107,
  "Peak": 4,
  "Position": 819,
  "Area": 576.281,
  "Resolution": 0.000116319
}
{
  "Column": 113,
  "Peak": 0,
  "Position": 95,
  "Area": 234565,
  "Resolution": 0.00796148
}
{
  "Column": 113,
  "Peak": 1,
  "Position": 270,
  "Area": 85658.6,
  "Resolution": 0.00287071
}
{
  "Column": 113,
  "Peak": 2,
  "Position": 191,
  "Area": 46970.8,
  "Resolution": 0.00399346
}
{
  "Column": 113,
  "Peak": 7,
  "Position": 348,
  "Area": 10595.7,
  "Resolution": 0.00219806
}
{
  "Column": 113,
  "Peak": 9,
  "Position": 322,
  "Area": 9459.16,
  "Resolution": 0.00238808
}
{
  "Column": 114,
  "Peak": 9,
  "Position": 324,
  "Area": -8658.55,
  "Resolution": -0.00255354
}
{
  "Column": 115,
  "Peak": 0,
  "Position": 94,
  "Area": 210152,
  "Resolution": 0.00804409
}
{
  "Column": 115,
  "Peak": 1,
  "Position": 268,
  "Area": 82564.2,
  "Resolution": 0.00292315
}
{
  "Column": 115,
  "Peak": 2,
  "Position": 190,
  "Area": 44769.2,
  "Resolution": 0.00402151
}
{
  "Column": 115,
  "Peak": 9,
  "Position": 320,
  "Area": -9025.09,
  "Resolution": -0.00243804
}
{
  "Column": 117,
  "Peak": 7,
  "Position": 95,
  "Area": 14486.9,
  "Resolution": 0.00722381
}
{
  "Column": 119,
  "Peak": 6,
  "Position": 839,
  "Area": 6412.58,
  "Resolution": 0.00162448
}
{
  "Column": 119,
  "Peak": 7,
  "Position": 670,
  "Area": -4317.72,
  "Resolution": -0.00163034
}
{
  "Column": 119,
  "Peak": 8,
  "Position": 670,
  "Area": -4317.72,
  "Resolution": -0.00163034
}
{
  "Column": 119,
  "Peak": 9,
  "Position": 670,
  "Area": -4317.72,
  "Resolution": -0.00163034
}
{
  "Column": 120,
  "Peak": 2,
  "Position": 192,
  "Area": 246143,
  "Resolution": 0.00408433
}
{
  "Column": 123,
  "Peak": 0,
  "Position": 95,
  "Area": 252536,
  "Resolution": 0.00795769
}
{
  "Column": 123,
  "Peak": 1,
  "Position": 270,
  "Area": 89492.4,
  "Resolution": 0.00289558
}
{
  "Column": 123,
  "Peak": 2,
  "Position": 192,
  "Area": 49172.5,
  "Resolution": 0.0039391
}
{
  "Column": 123,
  "Peak": 7,
  "Position": 349,
  "Area": 11163.4,
  "Resolution": 0.00229743
}
{
  "Column": 123,
  "Peak": 8,
  "Position": 323,
  "Area": 9666.15,
  "Resolution": 0.00235916
}
{
  "Column": 124,
  "Peak": 0,
  "Position": 91,
  "Area": 179251,
  "Resolution": 0.00875807
}
{
  "Column": 124,
  "Peak": 2,
  "Position": 184,
  "Area": 40855.6,
  "Resolution": 0.00431792
}
{
  "Column": 124,
  "Peak": 7,
  "Position": 335,
  "Area": 9117.46,
  "Resolution": 0.00239522
}
{
  "Column": 125,
  "Peak": 0,
  "Position": 93,
  "Area": 236352,
  "Resolution": 0.00792512
}
{
  "Column": 125,
  "Peak": 1,
  "Position": 266,
  "Area": 88762.5,
  "Resolution": 0.00283691
}
{
  "Column": 125,
  "Peak": 2,
  "Position": 189,
  "Area": 47893.4,
  "Resolution": 0.00396143
}
{
  "Column": 125,
  "Peak": 7,
  "Position": 342,
  "Area": 10995.8,
  "Resolution": 0.00220445
}
{
  "Column": 125,
  "Peak": 9,
  "Position": 317,
  "Area": 9830.77,
  "Resolution": 0.00241134
}
{
  "Column": 127,
  "Peak": 1,
  "Position": 89,
  "Area": -28097.5,
  "Resolution": -0.00940216
}
{
  "Column": 127,
  "Peak": 2,
  "Position": 89,
  "Area": -28097.5,
  "Resolution": -0.00940216
}
{
  "Column": 127,
  "Peak": 3,
  "Position": 89,
  "Area": -28097.5,
  "Resolution": -0.00940216
}
{
  "Column": 127,
  "Peak": 4,
  "Position": 89,
  "Area": -28097.5,
  "Resolution": -0.00940216
}
{
  "Column": 127,
  "Peak": 5,
  "Position": 89,
  "Area": -28097.5,
  "Resolution": -0.00940216
}
{
  "Column": 127,
  "Peak": 6,
  "Position": 89,
  "Area": -28097.5,
  "Resolution": -0.00940216
}
{
  "Column": 127,
  "Peak": 7,
  "Position": 89,
  "Area": -28097.5,
  "Resolution": -0.00940216
}
{
  "Column": 127,
  "Peak": 8,
  "Position": 89,
  "Area": -28097.5,
  "Resolution": -0.00940216
}
{
  "Column": 127,
  "Peak": 9,
  "Position": 89,
  "Area": -28097.5,
  "Resolution": -0.00940216
}
{
  "Column": 129,
  "Peak": 6,
  "Position": 840,
  "Area": 6993.66,
  "Resolution": 0.00175801
}
{
  "Column": 129,
  "Peak": 8,
  "Position": 671,
  "Area": -4591.63,
  "Resolution": -0.00169668
}
{
  "Column": 129,
  "Peak": 9,
  "Position": 671,
  "Area": -4591.63,
  "Resolution": -0.00169668
}
{
  "Column": 130,
  "Peak": 0,
  "Position": 94,
  "Area": 627264,
  "Resolution": 0.00837567
}
{
  "Column": 130,
  "Peak": 2,
  "Position": 190,
  "Area": 252867,
  "Resolution": 0.00403605
}
{
  "Column": 130,
  "Peak": 9,
  "Position": 321,
  "Area": 64766.7,
  "Resolution": 0.00250218
}
{
  "Column": 133,
  "Peak": 0,
  "Position": 93,
  "Area": 236826,
  "Resolution": 0.00792816
}
{
  "Column": 133,
  "Peak": 1,
  "Position": 265,
  "Area": 88540,
  "Resolution": 0.0029146
}
{
  "Column": 133,
  "Peak": 2,
  "Position": 188,
  "Area": 48819.4,
  "Resolution": 0.00400008
}
{
  "Column": 133,
  "Peak": 7,
  "Position": 342,
  "Area": 10970.3,
  "Resolution": 0.0022619
}
{
  "Column": 133,
  "Peak": 9,
  "Position": 316,
  "Area": 9503.49,
  "Resolution": 0.00241892
}
{
  "Column": 134,
  "Peak": 9,
  "Position": 319,
  "Area": -8980.64,
  "Resolution": -0.00266477
}
{
  "Column": 135,
  "Peak": 0,
  "Position": 92,
  "Area": 260199,
  "Resolution": 0.00825494
}
{
  "Column": 135,
  "Peak": 1,
  "Position": 264,
  "Area": 92721.3,
  "Resolution": 0.00291779
}
{
  "Column": 135,
  "Peak": 2,
  "Position": 188,
  "Area": 51126.8,
  "Resolution": 0.00403381
}
{
  "Column": 135,
  "Peak": 8,
  "Position": 340,
  "Area": 11347.7,
  "Resolution": 0.0022375
}
{
  "Column": 135,
  "Peak": 9,
  "Position": 315,
  "Area": 10287.9,
  "Resolution": 0.00248033
}
{
  "Column": 137,
  "Peak": 6,
  "Position": 827,
  "Area": 5982.74,
  "Resolution": 0.00124301
}
{
  "Column": 138,
  "Peak": 8,
  "Position": 679,
  "Area": -170.872,
  "Resolution": -5.6846e-05
}
